#['../main.py', '--dataset=alsomitra', '--epochs=100', '--batch-size=64', '--lr=1e-3', '--oracle-steps=30', '--oracle-restarts=40', '--constraint=AlsomitraProperty2', '--experiment-name=AlsomitraProperty2', '--logic=YG']
Epoch,Train-P-Loss,Train-R-Loss,Train-C-Loss,Train-P-Loss-Weight,Train-C-Loss-Weight,Train-P-Metric,Train-C-Acc,Train-C-Sec,Test-P-Loss,Test-R-Loss,Test-C-Loss,Test-P-Metric,Test-C-Acc,Test-C-Sec,Train-Time,Test-Time
0,0.0,0.0,0.0,1.0,1.0,0.0,0.0,0.0,0.6687584484324736,0.9980755974264706,1.0,0.8177765011787415,0.0,0.0,0.0,2.2551565170288086
1,0.575972663031684,0.4235823154449463,0.9395210478040907,1.0010699033737183,0.9989300966262817,0.7580904960632324,0.25,0.0,0.4532283895155963,0.30892276763916016,0.5883351494284237,0.6732223629951477,0.14705882352941177,0.0,8.052603960037231,2.0932705402374268
2,0.3652491039699978,0.4532012939453125,0.27050839530097115,1.0064458847045898,0.9935541749000549,0.6019422743055556,0.09375,0.03819444444444445,0.2660030196694767,0.5490724339204676,0.0031690492349512435,0.5157548189163208,0.125,0.9411764705882353,7.983126163482666,2.077188491821289
3,0.2008564207288954,0.6363640891181098,0.0004479957537518607,1.0111879110336304,0.9888120293617249,0.4455529318915473,0.05381944444444445,0.9965277777777778,0.1614503579981187,0.6394983179428998,0.0003452897071838379,0.40180885791778564,0.10294117647058823,1.0,8.014954805374146,2.0782604217529297
4,0.12952582041422525,0.7041779624091254,0.0003452897071838379,1.014068841934204,0.9859312176704407,0.358243465423584,0.029513888888888888,1.0,0.12385097671957578,0.678005106308881,0.0003452897071838379,0.35192468762397766,0.051470588235294115,1.0,7.927690267562866,2.062364339828491
5,0.10665284925036961,0.7292115423414443,0.0006110936196313964,1.0156266689300537,0.9843732118606567,0.325172848171658,0.017361111111111112,0.9861111111111112,0.11599245492149801,0.6909032148473403,0.004790892495828516,0.3405766487121582,0.07352941176470588,0.058823529411764705,8.064736604690552,2.1208834648132324
6,0.10440314478344387,0.7302184104919434,0.002137117087841034,1.0172592401504517,0.9827408790588379,0.32222281561957467,0.019097222222222224,0.5555555555555556,0.10699162763707779,0.6796925488640281,0.002301597858176512,0.32709574699401855,0.08088235294117647,0.9485294117647058,8.123229026794434,2.113891839981079
7,0.09639781051211888,0.7180511156717936,0.0011184348000420465,1.0183228254318237,0.9816770553588867,0.3094533814324273,0.020833333333333332,0.9791666666666666,0.09834311288945816,0.6674924738266889,0.0022876297726350673,0.31359705328941345,0.09558823529411764,0.9485294117647058,8.085201740264893,2.1024954319000244
8,0.0906328558921814,0.7113922966851128,0.0011699836080272992,1.019046425819397,0.980953574180603,0.3008705774943034,0.022569444444444444,0.9809027777777778,0.08978056907653809,0.6663326375624713,0.0031491574995657977,0.29963406920433044,0.08088235294117647,0.8897058823529411,8.178893804550171,2.147160291671753
9,0.0833590825398763,0.7096734576755099,0.0013441575898064508,1.0196117162704468,0.9803884625434875,0.2878086302015517,0.020833333333333332,0.9670138888888888,0.08147961953107048,0.665283483617446,0.004261711064506979,0.2854463458061218,0.08823529411764706,0.8897058823529411,8.182910442352295,2.1346750259399414
10,0.07693860265943739,0.7125699255201552,0.0017622580958737268,1.0201081037521362,0.979891836643219,0.27691369586520725,0.026041666666666668,0.9670138888888888,0.07450630384332993,0.669271749608657,0.00569598946501227,0.2729584276676178,0.08088235294117647,0.8897058823529411,8.305785894393921,2.2820534706115723
11,0.07391173309750027,0.7094613711039225,0.0022038517312871087,1.0206575393676758,0.979342520236969,0.2698080804612901,0.027777777777777776,0.9652777777777778,0.06822393922244802,0.6676724938785329,0.00663751845850664,0.26119711995124817,0.10294117647058823,0.8897058823529411,8.168525457382202,2.14023494720459
12,0.06701862812042236,0.7129050890604655,0.002575105263127221,1.0212048292160034,0.9787951111793518,0.2581196626027425,0.024305555555555556,0.9652777777777778,0.06288441489724551,0.6697333840762868,0.008451724753660314,0.25076764822006226,0.07352941176470588,0.8897058823529411,8.247281312942505,2.0498733520507812
13,0.062534232934316,0.7131908734639486,0.002988607105281618,1.0217437744140625,0.9782561659812927,0.24937677383422852,0.020833333333333332,0.9652777777777778,0.05812704212525312,0.6730571634629193,0.00965467796606176,0.24109549820423126,0.07352941176470588,0.8897058823529411,8.107214450836182,2.068948745727539
14,0.059024188253614635,0.7201572524176704,0.0038296646542019313,1.0222814083099365,0.9777185320854187,0.24273904164632162,0.022569444444444444,0.9635416666666666,0.05433895307428697,0.6778715919045841,0.011587004451190723,0.23310717940330505,0.08823529411764706,0.875,8.057285785675049,2.098794460296631
15,0.054936107661989,0.7248500718010796,0.003753349184989929,1.022817850112915,0.9771822094917297,0.2336733341217041,0.019097222222222224,0.9670138888888888,0.05103787955115823,0.6817459779627183,0.012202745851348428,0.22591565549373627,0.04411764705882353,0.875,8.480581760406494,2.086416244506836
16,0.051520840989218816,0.7244148784213595,0.004345842533641391,1.0233172178268433,0.9766829609870911,0.2258876164754232,0.022569444444444444,0.9635416666666666,0.04822736277299769,0.6855394699994255,0.012884599321028766,0.21960729360580444,0.0661764705882353,0.875,8.034874439239502,2.112311601638794
17,0.04956522252824572,0.7320124838087294,0.004126660525798798,1.0238678455352783,0.9761322140693665,0.22208735677931044,0.022569444444444444,0.9652777777777778,0.045753913767197556,0.6945259430829216,0.012947722392923692,0.21390165388584137,0.058823529411764705,0.875,8.006904125213623,2.067721128463745
18,0.04615719450844659,0.7380360497368706,0.0041507987512482535,1.0244742631912231,0.9755256175994873,0.2143498526679145,0.015625,0.9652777777777778,0.043554256944095385,0.6964042887968176,0.013107738074134378,0.20869657397270203,0.0661764705882353,0.875,8.027059316635132,2.090172529220581
19,0.04420915577146742,0.7443447113037109,0.003919658147626453,1.0250731706619263,0.974926769733429,0.20964593357510036,0.012152777777777778,0.9652777777777778,0.04123606401331285,0.7022947423598346,0.012226781424354105,0.2030666470527649,0.07352941176470588,0.875,7.983712434768677,2.0849971771240234
20,0.04184269905090332,0.7484536700778537,0.004024474985069699,1.0257335901260376,0.974266529083252,0.20344249407450357,0.019097222222222224,0.9392361111111112,0.0394287950852338,0.7059613957124597,0.01151009342249702,0.19856685400009155,0.04411764705882353,0.8897058823529411,8.106035947799683,2.128124237060547
21,0.0409090518951416,0.747758600446913,0.003357343168722259,1.0264116525650024,0.973588228225708,0.2016301022635566,0.012152777777777778,0.9670138888888888,0.037582741064183856,0.7052834454704734,0.010019491700565113,0.1938626766204834,0.04411764705882353,0.8897058823529411,8.05158257484436,2.1043646335601807
22,0.038021216789881386,0.7525214619106717,0.002978531022866567,1.0272005796432495,0.9727993011474609,0.19467641247643364,0.013888888888888888,0.9236111111111112,0.03603212973650764,0.7089085298426011,0.008803741020314833,0.1898213028907776,0.029411764705882353,0.8897058823529411,8.082205772399902,2.08817458152771
23,0.03711482882499695,0.7534621556599935,0.002432624085081948,1.0279555320739746,0.9720445871353149,0.1916725238164266,0.013888888888888888,0.96875,0.03448184798745548,0.7031921498915729,0.006943519939394558,0.1856928914785385,0.07352941176470588,0.8897058823529411,8.076116561889648,2.1192989349365234
24,0.035484135150909424,0.7489556206597222,0.0018782150000333786,1.0286321640014648,0.9713678956031799,0.18771358331044516,0.008680555555555556,0.9722222222222222,0.03313963202869191,0.7102594936595243,0.004829265615519355,0.1820429414510727,0.051470588235294115,0.8897058823529411,8.390039205551147,2.1172244548797607
25,0.03405122955640157,0.7532933553059896,0.00147117187993394,1.0294008255004883,0.9705991744995117,0.18423708279927573,0.015625,0.9496527777777778,0.032091926125919115,0.7060282090130974,0.0038762723698335536,0.17914219200611115,0.08088235294117647,0.9411764705882353,7.973322868347168,2.085557460784912
26,0.03300579388936361,0.7509433428446451,0.0011103218421339989,1.0301247835159302,0.9698753356933594,0.1810362074110243,0.026041666666666668,0.9826388888888888,0.03045026695027071,0.7087493223302505,0.0024403605390997496,0.17450004816055298,0.051470588235294115,0.9411764705882353,8.00169587135315,2.0821874141693115
27,0.030907991859647963,0.7548103332519531,0.0007600981949104203,1.0308513641357422,0.969148576259613,0.1751625140508016,0.029513888888888888,0.9496527777777778,0.029221569790559655,0.708248587215648,0.0008918152135961196,0.17094317078590393,0.08088235294117647,0.9411764705882353,7.955109357833862,2.0935263633728027
28,0.029186533557044134,0.7545353041754829,0.0003819424245092604,1.0315345525741577,0.9684655070304871,0.16964213053385416,0.024305555555555556,0.9947916666666666,0.0280555223717409,0.7105662401984719,0.0003452897071838379,0.16749782860279083,0.0661764705882353,1.0,7.987687349319458,2.0431532859802246
29,0.028233842717276678,0.7561071183946397,0.0003562917311986287,1.0322718620300293,0.9677280187606812,0.16745536857181126,0.026041666666666668,0.96875,0.026846445658627677,0.7091507070204791,0.0003452897071838379,0.1638488471508026,0.07352941176470588,1.0,7.926192045211792,2.066410779953003
30,0.0269152389632331,0.7507875230577257,0.00042183521307177015,1.0329773426055908,0.9670225977897644,0.16354517141977945,0.024305555555555556,0.9895833333333334,0.025945793179904714,0.7101287280811983,0.0006761901518877814,0.16107697784900665,0.08088235294117647,0.9411764705882353,8.027807712554932,2.065413236618042
31,0.025812894105911255,0.7557748158772787,0.0003803391009569168,1.033653736114502,0.9663463234901428,0.1602290471394857,0.027777777777777776,0.9913194444444444,0.024575226447161508,0.7099303077248966,0.0003452897071838379,0.15676487982273102,0.07352941176470588,1.0,7.919161319732666,2.055809497833252
32,0.024617989857991535,0.75571076075236,0.0003452897071838379,1.0343807935714722,0.9656190872192383,0.15645496050516763,0.022569444444444444,1.0,0.023795860655167523,0.7099199295043945,0.0003452897071838379,0.1542590707540512,0.09558823529411764,1.0,7.8989927768707275,2.0631895065307617
33,0.023235076003604464,0.754704475402832,0.0003452897071838379,1.0349897146224976,0.9650102257728577,0.15205714437696669,0.017361111111111112,1.0,0.022651858189526725,0.7073073667638442,0.0005040940116433537,0.15050534904003143,0.0661764705882353,0.9411764705882353,8.025911092758179,2.0929744243621826
34,0.022532224655151367,0.7555650075276693,0.00036143377009365294,1.0355948209762573,0.9644051194190979,0.14969793955485025,0.03125,0.9930555555555556,0.021103681886897367,0.711466396556181,0.0003452897071838379,0.14527106285095215,0.0661764705882353,1.0,8.033009767532349,2.1020262241363525
35,0.020987855063544378,0.757105827331543,0.0003860935361848937,1.036330223083496,0.9636697173118591,0.14360255665249294,0.03125,0.9878472222222222,0.020530302734935984,0.7072682661168715,0.0003452897071838379,0.14328399300575256,0.09558823529411764,1.0,8.078839540481567,2.1064045429229736
36,0.020914604266484577,0.7488838831583658,0.0003452897071838379,1.037031888961792,0.962968111038208,0.1437638070848253,0.03298611111111111,1.0,0.01930943306754617,0.7070860582239488,0.0003452897071838379,0.1389583796262741,0.0661764705882353,1.0,8.088871955871582,2.114276647567749
37,0.019617388645807903,0.7547079192267524,0.0003452897071838379,1.0378350019454956,0.9621649980545044,0.13949271043141684,0.027777777777777776,1.0,0.018455612308838788,0.7076036789838005,0.0003452897071838379,0.1358514279127121,0.09558823529411764,1.0,7.962740898132324,2.07089900970459
38,0.01835633648766412,0.7531279457939996,0.0003452897071838379,1.0385452508926392,0.9614547491073608,0.13509603341420492,0.034722222222222224,1.0,0.017476600759169635,0.7072131774004768,0.000559533343595617,0.13219909369945526,0.08088235294117647,0.9411764705882353,7.940816640853882,2.0679538249969482
39,0.017781305644247267,0.7487405671013726,0.00037890486419200897,1.0392543077468872,0.9607457518577576,0.1328453222910563,0.03993055555555555,0.9895833333333334,0.016363732955035043,0.7057478848625632,0.0003452897071838379,0.12792080640792847,0.09558823529411764,1.0,8.346172571182251,2.110196352005005
40,0.017361443903711107,0.7488222122192383,0.0003452897071838379,1.0399606227874756,0.9600392580032349,0.13143267896440294,0.04861111111111111,1.0,0.01595981331432567,0.7026888903449563,0.0003452897071838379,0.12633216381072998,0.11764705882352941,1.0,8.032540082931519,2.0929813385009766
41,0.016206347280078463,0.7488835122850206,0.0003529148590233591,1.0406395196914673,0.9593604803085327,0.12716212537553576,0.043402777777777776,0.9947916666666666,0.01543545547653647,0.704893897561466,0.0003452897071838379,0.12423951178789139,0.07352941176470588,1.0,7.9568030834198,2.064321279525757
42,0.015189510252740648,0.7448291778564453,0.0003452897071838379,1.0412123203277588,0.9587877988815308,0.12235984537336561,0.046875,1.0,0.014377281946294448,0.7031931035658893,0.0003452897071838379,0.11990530788898468,0.09558823529411764,1.0,8.015753507614136,2.094594717025757
43,0.014637562963697646,0.7416162490844727,0.00034611754947238497,1.04179048538208,0.9582095742225647,0.120535413424174,0.03819444444444445,0.9965277777777778,0.013870927340844098,0.7036269131828757,0.0003452897071838379,0.11777490377426147,0.08823529411764706,1.0,8.089336633682251,2.104822874069214
44,0.014342077904277377,0.7458838356865777,0.0003452897071838379,1.0425825119018555,0.9574173092842102,0.11918857362535265,0.027777777777777776,1.0,0.013132588828311247,0.698097453397863,0.0003452897071838379,0.11459750682115555,0.11029411764705882,1.0,8.08930778503418,2.113032341003418
45,0.013589349885781607,0.7409645186530219,0.0003452897071838379,1.0434050559997559,0.9565949440002441,0.11635347207387288,0.03125,1.0,0.01253905103487127,0.7014299280503217,0.0008049712461583755,0.11197790503501892,0.08088235294117647,0.9411764705882353,8.609847068786621,2.0652904510498047
46,0.012847208314471774,0.7393401993645562,0.00041677244007587433,1.0441343784332275,0.9558655619621277,0.11287389861212836,0.04861111111111111,0.9913194444444444,0.011877668254515705,0.6955775653614718,0.0003452897071838379,0.10898471623659134,0.09558823529411764,1.0,7.904430389404297,2.0933210849761963
47,0.012631794644726647,0.7357689539591471,0.0003452897071838379,1.0448459386825562,0.9551539421081543,0.1120651298099094,0.04861111111111111,1.0,0.011650431682081783,0.6921091079711914,0.0003452897071838379,0.10793716460466385,0.09558823529411764,1.0,8.057139158248901,2.100257158279419
48,0.011938614977730645,0.7344311078389486,0.0003452897071838379,1.045486330986023,0.954513669013977,0.10868942075305515,0.04861111111111111,1.0,0.011096665087868185,0.6909562279196346,0.0003452897071838379,0.10534070432186127,0.11029411764705882,1.0,8.031656742095947,2.0706026554107666
49,0.011353643404112922,0.7331879403856065,0.0003452897071838379,1.0460907220840454,0.9539092183113098,0.10637003845638698,0.046875,1.0,0.010578350109212539,0.6899164424223059,0.0003452897071838379,0.10285110771656036,0.10294117647058823,1.0,8.065343141555786,2.1090705394744873
50,0.011083365314536624,0.7314206229315864,0.0003452897071838379,1.0468074083328247,0.9531927108764648,0.10485827260547215,0.04861111111111111,1.0,0.009899560142965877,0.6809565039242015,0.0003452897071838379,0.09949653595685959,0.125,0.9411764705882353,7.939728260040283,2.0719425678253174
51,0.010430512328942617,0.7306319872538248,0.0003491973297463523,1.0474218130111694,0.9525781273841858,0.10148034493128459,0.04861111111111111,0.9930555555555556,0.009493254563387702,0.6864092770744773,0.0003452897071838379,0.09743333607912064,0.10294117647058823,1.0,8.040987730026245,2.1076607704162598
52,0.009871972931755913,0.7186907662285699,0.0003452897071838379,1.048019289970398,0.9519808292388916,0.09882533550262451,0.057291666666666664,1.0,0.00915261051234077,0.6797207103056067,0.0003452897071838379,0.09566927701234818,0.11764705882352941,1.0,8.047823429107666,2.1149563789367676
53,0.009364111555947198,0.7214284472995334,0.0003452897071838379,1.0486115217208862,0.951388418674469,0.09636713398827447,0.057291666666666664,1.0,0.008934988695032457,0.6801033020019531,0.0003452897071838379,0.09452506899833679,0.11029411764705882,1.0,7.958979845046997,2.0858635902404785
54,0.009176029099358452,0.7208852238125272,0.0003452897071838379,1.0493223667144775,0.9506776332855225,0.09568647543589275,0.05555555555555555,1.0,0.008714405929341036,0.6815872753367704,0.0003452897071838379,0.09335098415613174,0.09558823529411764,1.0,8.033186912536621,2.0917088985443115
55,0.008748831848303476,0.7161993450588651,0.0003452897071838379,1.0500210523605347,0.9499789476394653,0.09304728110631307,0.04861111111111111,1.0,0.007865435060332803,0.6816728816312903,0.0003452897071838379,0.08868729323148727,0.09558823529411764,1.0,8.009824514389038,2.1104116439819336
56,0.008313810659779442,0.7176927460564507,0.0003452897071838379,1.05080246925354,0.9491975903511047,0.09081650442547268,0.046875,1.0,0.007565230131149292,0.6737813388600069,0.0003452897071838379,0.08697833120822906,0.10294117647058823,1.0,8.029314279556274,2.104069232940674
57,0.00780871676074134,0.7151496675279405,0.0003459815763764911,1.0514726638793945,0.9485273957252502,0.08821323845121595,0.059027777777777776,0.9965277777777778,0.007263757288455963,0.6708841884837431,0.0003452897071838379,0.08522767573595047,0.09558823529411764,1.0,8.073006868362427,2.1096301078796387
58,0.007863773239983452,0.700547006395128,0.0003452897071838379,1.0521149635314941,0.9478849768638611,0.08786550495359632,0.059027777777777776,1.0,0.007212514824727003,0.6653299331665039,0.0003452897071838379,0.0849265307188034,0.11764705882352941,1.0,8.076025009155273,2.0955471992492676
59,0.007080430785814921,0.7033492724100748,0.0003452897071838379,1.0527241230010986,0.9472759962081909,0.08399149444368151,0.057291666666666664,1.0,0.00674085844965542,0.6607217788696289,0.0003452897071838379,0.08210273087024689,0.125,1.0,8.05760145187378,2.102353811264038
60,0.006868721710311042,0.7034782303704156,0.0003452897071838379,1.0533825159072876,0.946617603302002,0.08227193355560303,0.06076388888888889,1.0,0.006387898150612326,0.6608513102811926,0.0003452897071838379,0.0799243301153183,0.11764705882352941,1.0,8.047166585922241,2.0976483821868896
61,0.00651920090119044,0.6975333425733778,0.0003452897071838379,1.0540704727172852,0.9459296464920044,0.08040163252088758,0.06076388888888889,1.0,0.006307799588231479,0.6593817542580998,0.0003452897071838379,0.07942166179418564,0.08823529411764706,1.0,8.043076753616333,2.114147901535034
62,0.006325584318902757,0.6931966675652398,0.00034532520092195936,1.0547829866409302,0.9452170729637146,0.07940145333607991,0.0642361111111111,0.9982638888888888,0.005845117656623616,0.6552321490119485,0.0003452897071838379,0.07645337283611298,0.08823529411764706,1.0,7.994488477706909,2.0781984329223633
63,0.006135604447788662,0.693475776248508,0.0003452897071838379,1.055524230003357,0.9444757103919983,0.07782475153605144,0.04861111111111111,1.0,0.005681233809274786,0.652958028456744,0.0003452897071838379,0.07537396252155304,0.08088235294117647,1.0,8.094542741775513,2.096646547317505
64,0.005692555258671443,0.68593962987264,0.0003452897071838379,1.0562092065811157,0.9437909126281738,0.07481016053093804,0.0625,1.0,0.005293094060000251,0.6489562427296358,0.0003452897071838379,0.0727536529302597,0.08088235294117647,1.0,7.974350929260254,2.102144241333008
65,0.005606127281983693,0.6867853270636665,0.0003452897071838379,1.0568046569824219,0.9431952238082886,0.07463894287745158,0.05381944444444445,1.0,0.005265404196346507,0.6424454520730412,0.0003452897071838379,0.07256310433149338,0.08823529411764706,1.0,8.074946403503418,2.146411180496216
66,0.005283094942569733,0.6818555196126302,0.0003452897071838379,1.0575108528137207,0.9424890279769897,0.07220964299307929,0.057291666666666664,1.0,0.0048592287827940546,0.6443996990428251,0.0003452897071838379,0.06970816850662231,0.10294117647058823,1.0,8.088782787322998,2.111902952194214
67,0.005069127513302697,0.6851671006944444,0.0003455548236767451,1.0582166910171509,0.9417833685874939,0.07093054056167603,0.0625,0.9965277777777778,0.004774797488661373,0.6447879566865808,0.0003452897071838379,0.06909991055727005,0.08823529411764706,1.0,8.132956266403198,2.142791509628296
68,0.0050178468227386475,0.6806072658962674,0.0003452897071838379,1.058992862701416,0.9410070776939392,0.07026456462012397,0.04861111111111111,1.0,0.004550015663399416,0.6370763217701632,0.0003452897071838379,0.06745380163192749,0.08823529411764706,1.0,8.058118343353271,2.0667073726654053
69,0.0048781198759873705,0.6705367300245497,0.0003452897071838379,1.0598417520523071,0.9401581287384033,0.0697241293059455,0.0642361111111111,1.0,0.004505453740849215,0.6364286086138558,0.0003452897071838379,0.0671226754784584,0.09558823529411764,1.0,7.9024658203125,2.0832648277282715
70,0.0045189592573377825,0.6725028355916342,0.0003452897071838379,1.060567021369934,0.9394330978393555,0.06703999307420519,0.052083333333333336,1.0,0.004097832038122065,0.6315788381239947,0.0003452897071838379,0.06401430815458298,0.08088235294117647,1.0,7.970332145690918,2.102973461151123
71,0.00439414092236095,0.6649335225423177,0.0003452897071838379,1.061192512512207,0.938807487487793,0.06606213914023505,0.0642361111111111,1.0,0.004258372766130111,0.6272437151740579,0.0003452897071838379,0.06525620818138123,0.09558823529411764,1.0,8.016227006912231,2.0881059169769287
72,0.004303855614529716,0.6623833974202474,0.0003452897071838379,1.061847448348999,0.938152551651001,0.06516873174243504,0.050347222222222224,1.0,0.003991993472856634,0.6309770696303424,0.0003452897071838379,0.06318222731351852,0.0661764705882353,1.0,8.080424070358276,2.1481521129608154
73,0.004260228739844428,0.6583462821112739,0.0003452897071838379,1.062761664390564,0.9372383952140808,0.06455406877729628,0.059027777777777776,1.0,0.0037977892686338987,0.6254375682157629,0.0003452897071838379,0.06162620708346367,0.08088235294117647,1.0,8.121723651885986,2.0803167819976807
74,0.0041258496542771654,0.6563138961791992,0.0003452897071838379,1.0635420083999634,0.9364581108093262,0.06384842263327704,0.057291666666666664,1.0,0.0035855572889832888,0.6258174110861385,0.0003452897071838379,0.059879522770643234,0.0661764705882353,1.0,8.029617071151733,2.0760788917541504
75,0.003910340782668855,0.6485421922471788,0.0003452897071838379,1.0642987489700317,0.935701310634613,0.062025235758887395,0.07291666666666667,1.0,0.0035078394062378828,0.6204877180211684,0.0003452897071838379,0.05922701582312584,0.0661764705882353,1.0,8.019551277160645,2.1292741298675537
76,0.0037274936007128823,0.6505526436699761,0.0003452897071838379,1.06514573097229,0.93485426902771,0.06071901321411133,0.06076388888888889,1.0,0.003455929458141327,0.6149898416855756,0.0003452897071838379,0.05878715217113495,0.08823529411764706,1.0,8.06516146659851,2.0918891429901123
77,0.003594847189055549,0.6461043357849121,0.0003452897071838379,1.065860390663147,0.934139609336853,0.05967311064402262,0.06597222222222222,1.0,0.0031698118237888113,0.6079872355741613,0.0003452897071838379,0.05630108341574669,0.09558823529411764,1.0,8.026011228561401,2.088876485824585
78,0.0035009069575203788,0.6431137720743815,0.0003452897071838379,1.066550850868225,0.9334492087364197,0.058472785684797496,0.057291666666666664,1.0,0.00328764012631248,0.6110396665685317,0.0003452897071838379,0.05733794718980789,0.07352941176470588,1.0,7.998383045196533,2.1194193363189697
79,0.003269740276866489,0.6359388563368056,0.0003452897071838379,1.067228078842163,0.9327719211578369,0.05693682034810384,0.06770833333333333,1.0,0.0030082871808725245,0.6077577366548426,0.0003452897071838379,0.05484785512089729,0.058823529411764705,1.0,8.079407215118408,2.1141321659088135
80,0.0032771360129117966,0.6283386548360189,0.0003452897071838379,1.0678774118423462,0.932122528553009,0.05698108673095703,0.0798611111111111,1.0,0.0029510099659947786,0.611533894258387,0.0003452897071838379,0.05432320013642311,0.0661764705882353,1.0,8.005056858062744,2.1070785522460938
81,0.0030572261247369978,0.6298131942749023,0.0003452897071838379,1.0684415102005005,0.9315586090087891,0.05507281091478136,0.06597222222222222,1.0,0.0027849845149937797,0.5957527721629423,0.0003452897071838379,0.05277295038104057,0.11029411764705882,1.0,8.132596254348755,2.110468864440918
82,0.003096397966146469,0.6248449749416776,0.0003452897071838379,1.0691109895706177,0.9308890104293823,0.05490476224157545,0.06770833333333333,1.0,0.002744758172946818,0.592530138352338,0.0003452897071838379,0.0523904412984848,0.07352941176470588,1.0,8.149030447006226,2.151078462600708
83,0.003032250329852104,0.6229151089986166,0.0003452897071838379,1.0697892904281616,0.9302107095718384,0.05468346012963189,0.057291666666666664,1.0,0.002594960524755366,0.5979509353637695,0.0003452897071838379,0.050940755754709244,0.07352941176470588,1.0,8.094041585922241,2.1567604541778564
84,0.002998016153772672,0.6240010261535645,0.0003452897071838379,1.070584774017334,0.929415225982666,0.054436177015304565,0.0642361111111111,1.0,0.0027925049995674808,0.6038066639619715,0.0003452897071838379,0.05284415930509567,0.051470588235294115,1.0,8.10795783996582,2.1108288764953613
85,0.0028961896896362305,0.6176234351264106,0.0003452897071838379,1.071357250213623,0.9286429286003113,0.053617086675431996,0.06076388888888889,1.0,0.002780658576418372,0.5989043291877297,0.0003452897071838379,0.0527319498360157,0.08088235294117647,1.0,8.068679809570312,2.1190364360809326
86,0.002991020472513305,0.6103257603115506,0.0003452897071838379,1.0722882747650146,0.9277116060256958,0.054446296559439764,0.06944444444444445,1.0,0.0026232032653163463,0.5943718517527861,0.0003452897071838379,0.0512172169983387,0.0661764705882353,1.0,8.06986141204834,2.109811305999756
87,0.0027586805323759713,0.6093806160820855,0.0003452897071838379,1.0731950998306274,0.9268048405647278,0.05180381404028998,0.059027777777777776,1.0,0.0023987823549438923,0.5813120112699621,0.0003452897071838379,0.04897736757993698,0.07352941176470588,1.0,8.150486946105957,2.0991642475128174
88,0.0026293376253710855,0.6054515838623047,0.0003452897071838379,1.0739742517471313,0.9260257482528687,0.050991574923197426,0.07291666666666667,1.0,0.002265254802563611,0.5835393456851735,0.0003452897071838379,0.047594692558050156,0.0661764705882353,1.0,7.928298234939575,2.064908266067505
89,0.0025526293449931675,0.6022142304314507,0.0003452897071838379,1.074593424797058,0.9254066348075867,0.0500517553753323,0.059027777777777776,1.0,0.002214362516122706,0.570895419401281,0.0003452897071838379,0.04705701395869255,0.11029411764705882,1.0,7.9627366065979,2.0785396099090576
90,0.0024806552877028785,0.6052345699734158,0.0003452897071838379,1.0752441883087158,0.9247559309005737,0.04950807491938273,0.06597222222222222,1.0,0.00244698826881016,0.5679442461799172,0.0003452897071838379,0.049467042088508606,0.058823529411764705,1.0,8.140618085861206,2.1092770099639893
91,0.0024548891103929943,0.6046318478054471,0.0003452897071838379,1.075904130935669,0.9240959286689758,0.049263702498541936,0.05555555555555555,1.0,0.002068070146967383,0.5756896523868337,0.0003452897071838379,0.0454760417342186,0.08088235294117647,1.0,8.114391803741455,2.1211812496185303
92,0.002278459361857838,0.6015213860405816,0.0003452897071838379,1.0762873888015747,0.9237126708030701,0.047030746936798096,0.0642361111111111,1.0,0.002107316518531126,0.5707104626823875,0.0003452897071838379,0.045905519276857376,0.08088235294117647,1.0,8.097860336303711,2.090041399002075
93,0.002268001230226623,0.5982177522447374,0.0003452897071838379,1.0766246318817139,0.9233753085136414,0.047441568639543324,0.0625,1.0,0.002002540318404927,0.5818781572229722,0.0003452897071838379,0.044749751687049866,0.058823529411764705,1.0,8.013582706451416,2.0943479537963867
94,0.0022328727775149876,0.5892313851250542,0.0003452897071838379,1.0768909454345703,0.9231091141700745,0.04698048366440667,0.07291666666666667,1.0,0.0019159739946617799,0.5763125700109145,0.0003452897071838379,0.04377184063196182,0.08088235294117647,1.0,8.018242359161377,2.0918195247650146
95,0.0021822754707601336,0.5844644970364041,0.0003452897071838379,1.0770398378372192,0.9229601621627808,0.04643893241882324,0.07118055555555555,1.0,0.0020318303038092222,0.5814799140481388,0.0003452897071838379,0.045075830072164536,0.058823529411764705,1.0,7.949500799179077,2.0905046463012695
96,0.002115262258383963,0.5885288980272081,0.0003452897071838379,1.077124834060669,0.9228751063346863,0.04566982057359484,0.06770833333333333,1.0,0.0018417107708313886,0.5666025386137121,0.0003452897071838379,0.04291515797376633,0.08088235294117647,1.0,7.894460916519165,2.071336030960083
97,0.002087587904598978,0.5760958989461263,0.0003452897071838379,1.077262282371521,0.922737717628479,0.04530848728285895,0.059027777777777776,1.0,0.0018575561835485347,0.5499153137207031,0.0003452897071838379,0.04309937730431557,0.09558823529411764,1.0,7.925697088241577,2.1037774085998535
98,0.0021465811878442764,0.5723979738023546,0.0003452897071838379,1.0773537158966064,0.9226463437080383,0.04556302229563395,0.08159722222222222,1.0,0.0017331225030562457,0.5421412411858054,0.0003452897071838379,0.04163078963756561,0.10294117647058823,1.0,8.057252883911133,2.0626425743103027
99,0.001948064814011256,0.5782266192966037,0.0003452897071838379,1.0774492025375366,0.9225509166717529,0.04395125640763177,0.0642361111111111,1.0,0.001726796302725287,0.5567487828871783,0.0003452897071838379,0.04155473783612251,0.08088235294117647,1.0,7.922236680984497,2.083322286605835
100,0.0019255458480781978,0.5810846752590604,0.0003452897071838379,1.0774871110916138,0.9225128889083862,0.04366745882564121,0.0642361111111111,1.0,0.0016670262112337,0.5468754487879136,0.0003452897071838379,0.04082923382520676,0.08088235294117647,1.0,7.876888990402222,2.0606281757354736
